Account Name,Compound,Negative,Neutral,Positive,Tweet,Tweets Ago
@BBCWorld,0.5859,0.703,0.0,0.297,Is Russia the real winner of World Cup 2018? https://t.co/TKWhqeUuw3,1
@BBCWorld,-0.25,0.818,0.182,0.0,Croatia's Luka Modric: Chequered past haunts World Cup star https://t.co/HTOQlGhDGx,2
@BBCWorld,0.0,1.0,0.0,0.0,Trump's UK visit: Eight key moments https://t.co/TrVZKHHcsr,3
@BBCWorld,-0.1531,0.556,0.243,0.201,"Good week, bad week: The people in the news https://t.co/HWje3APiS9",4
@BBCWorld,0.5106,0.708,0.0,0.292,The full story of Thailand‚Äôs extraordinary cave rescue https://t.co/ZW6wsluFEm,5
@BBCWorld,0.0,1.0,0.0,0.0,US lawmaker caught speeding tells cop he often does so https://t.co/nKzrjFHLGj,6
@BBCWorld,0.0,1.0,0.0,0.0,Four intriguing lines in Mueller indictment https://t.co/y76P7mRI5K,7
@BBCWorld,0.0,1.0,0.0,0.0,Trump Russia affair: Key questions answered https://t.co/Toa96dvcqi,8
@BBCWorld,-0.5106,0.82,0.18,0.0,RT @BBCJonSopel: Meet Dick Dastardly and Penelope Pitstop. My blog on another extraordinary day. #TrumpVisitUK  https://t.co/M80Ot4wbPA,9
@BBCWorld,-0.6249,0.661,0.339,0.0,Eritrea President Isaias Afwerki 'both charismatic and brutal' https://t.co/orcuB4tOfg,10
@BBCWorld,0.0,1.0,0.0,0.0,Trump May meeting: The Wacky Races of press conferences https://t.co/cp9SuEdzx7,11
@BBCWorld,-0.7906,0.731,0.269,0.0,RT @BBCBreaking: Former PM Nawaz Sharif arrested on return to Pakistan as elsewhere scores die in blasts targeting election rallies https:/‚Ä¶,12
@BBCWorld,0.0,1.0,0.0,0.0,#PlaneBae: A cautionary tale about privacy when a story goes viral https://t.co/eBZ7e7znCc,13
@BBCWorld,0.0,1.0,0.0,0.0,Russia-Trump: Who's who in the drama to end all dramas? https://t.co/TcWPI5KAst,14
@BBCWorld,0.0,1.0,0.0,0.0,Russians indicted over US election hack https://t.co/jOBrdLAA0l,15
@BBCWorld,0.4767,0.846,0.0,0.154,"RT @BBCBreaking: 12 Russian intelligence officers indicted for hacking Democrat emails during 2016 election, US authorities announce https:‚Ä¶",16
@BBCWorld,0.0,1.0,0.0,0.0,"RT @BBCBreaking: Queen Elizabeth II meets US President Donald Trump at Windsor Castle 

https://t.co/3Q606Y04yc #TrumpVisitUK https://t.co/‚Ä¶",17
@BBCWorld,-0.891,0.43,0.57,0.0,Pakistan election: Scores killed in bomb attacks on poll rallies https://t.co/RLOXmu914B,18
@BBCWorld,0.0,1.0,0.0,0.0,Wittenoom: Tourists urged to stay away from asbestos town https://t.co/e2ANaXDy2L,19
@BBCWorld,0.0,1.0,0.0,0.0,Emmerson Mnangagwa: The 'crocodile' who snapped back https://t.co/gm3xQpJtor,20
@CBSNews,0.0,1.0,0.0,0.0,Giant hogweed sends Virginia teen to hospital burn unit https://t.co/B3DrEBsAYc https://t.co/lLHAdnNFu3,21
@CBSNews,0.0,1.0,0.0,0.0,"Lisa Page to testify behind closed doors, comes on the heels of an explosive hearing with the FBI's Peter Strzok on‚Ä¶ https://t.co/9UuZcKwBJK",22
@CBSNews,-0.34,0.876,0.124,0.0,"Commerce secretary Wilbur Ross will sell his equities, admitts he ""made inadvertent errors in completing the divest‚Ä¶ https://t.co/3kM0QIfmVC",23
@CBSNews,0.0,1.0,0.0,0.0,Detaining immigrant kids is now a billion-dollar industry https://t.co/1LfGH9BzMW https://t.co/9eLUDwEAmG,24
@CBSNews,-0.4404,0.83,0.17,0.0,WATCH: Thousands of protesters gather in the streets of London to protest President Trump during his trip to the U.‚Ä¶ https://t.co/0jj1tkhorX,25
@CBSNews,-0.1027,0.903,0.097,0.0,"""Do not eat this cereal"": CDC warns consumers about Kellogg's Honey Smacks ""https://t.co/I10Fmi5Sbf https://t.co/kKQ0HsgKVz",26
@CBSNews,0.3919,0.878,0.0,0.122,"""I'm not going in with high expectations, but we may come out with surprising things. Relationship is important‚Ä¶ Ha‚Ä¶ https://t.co/pQA0sbDboC",27
@CBSNews,0.0,1.0,0.0,0.0,"""It will be a slow process. We are not the only ones that have nukes. It would be a slow process,"" @POTUS says on d‚Ä¶ https://t.co/ixcn9Z2Hu4",28
@CBSNews,0.6124,0.808,0.0,0.192,"‚ÄúWhat is important is that the president goes into this as he is doing, from a position of strength and also from a‚Ä¶ https://t.co/TSVXjO2MXU",29
@CBSNews,0.7783,0.672,0.0,0.328,".@POTUS: ""I think we would have a chance to have a good relationship with Russia and a very good relationship with‚Ä¶ https://t.co/3ZgHrHCtfp",30
@CBSNews,-0.4767,0.871,0.129,0.0,"‚ÄúCNN is fake news. I don't take questions from CNN. John Roberts of Fox. Let's go to a real network,‚Äù @POTUS says w‚Ä¶ https://t.co/hZMidkZ1ZR",31
@CBSNews,0.743,0.733,0.0,0.267,PM May: We have a proud history of welcoming people who want to come to our country to contribute to our economy an‚Ä¶ https://t.co/fudOJaecck,32
@CBSNews,-0.34,0.764,0.145,0.091,"‚ÄúWe have very bad immigration laws and we are, I mean, we are doing incredibly well, considering the fact that we v‚Ä¶ https://t.co/7e1fCOd6OK",33
@CBSNews,-0.1027,0.779,0.119,0.102,"Reporter: PM May, do you agree with Pres. Trump that immigration has damaged the cultural fabric of Europe? And Mr.‚Ä¶ https://t.co/Zr9JMa8L83",34
@CBSNews,0.0772,0.933,0.0,0.067,"‚ÄúWe'll be talking to President Putin about a number of things,‚Äù @POTUS says, naming Ukraine, Syria the Middle East,‚Ä¶ https://t.co/RuKur0tPT7",35
@CBSNews,0.8885,0.59,0.0,0.41,"‚ÄúI want to thank you for the honor of visiting the United Kingdom, a special place. My mother was born here. It mea‚Ä¶ https://t.co/0qL4c2gCay",36
@CBSNews,0.4951,0.572,0.157,0.271,".@POTUS: Border security is a national security problem, and in the United States we are working very hard to get t‚Ä¶ https://t.co/woBDiOht3L",37
@CBSNews,0.399,0.575,0.18,0.245,"‚ÄúI encourage the prime minister to sustain pressure on the regime, and she needed absolutely no encouragement becau‚Ä¶ https://t.co/bDFg2F7rFF",38
@CBSNews,0.4848,0.818,0.056,0.126,"‚ÄúThe U.K. is one of the handful of nations -- five out of 29, not good, but going to get better really fast -- in a‚Ä¶ https://t.co/hHhn1z6Q97",39
@CBSNews,0.0,1.0,0.0,0.0,WATCH: President Trump and Prime Minister Teresa May hold joint news conference https://t.co/dGF3e8qZ1N https://t.co/m86lSDTpvS,40
@FoxNews,0.4767,0.69,0.096,0.215,"PM Theresa May: ""In particular on Russia, I thanked @POTUS for his support in responding to an appalling use of a n‚Ä¶ https://t.co/F6GLNS77Io",41
@FoxNews,0.7096,0.543,0.0,0.457,"PM Theresa May: ""I'm pleased to welcome @POTUS."" https://t.co/Nk1VAUFol7",42
@FoxNews,0.0,1.0,0.0,0.0,RIGHT NOW: @POTUS and British PM Theresa May walk out for joint news conference. https://t.co/D1IR0iaL8H,43
@FoxNews,0.0,1.0,0.0,0.0,.@POTUS and UK Prime Minister @theresa_may hold a joint news conference. https://t.co/exipRvAaFG,44
@FoxNews,0.4466,0.773,0.0,0.227,NEWS ALERT: Awaiting @POTUS and British PM @theresa_may news conference. https://t.co/F0maDZ2BKl,45
@FoxNews,0.4567,0.8,0.0,0.2,".@karringtonsc: ""I didn't stop talking to God from the moment of impact. Very loudly - I was not quiet."" https://t.co/W5uNRhKj04",46
@FoxNews,-0.5106,0.829,0.171,0.0,A six meter high helium filled inflatable of President @realDonaldTrump depicted as a giant angry orange baby weari‚Ä¶ https://t.co/uAwtp3uWoB,47
@FoxNews,0.4466,0.773,0.0,0.227,NEWS ALERT: Awaiting @POTUS and British PM @theresa_may news conference. https://t.co/m1zdZFIH0t,48
@FoxNews,0.4215,0.851,0.0,0.149,"On @foxandfriends, @Nigel_Farage said he hopes British PM @theresa_may is ""out of office before too long.""‚Ä¶ https://t.co/x8NLzPLpRo",49
@FoxNews,-0.2263,0.71,0.174,0.116,Giuliani slams Strzok for refusing to admit different versions of Trump dossier https://t.co/mNwj422z0f,50
@FoxNews,0.4767,0.594,0.0,0.406,".@karringtonsc: ""God... number one, saved my life."" https://t.co/ccHUbxeAZh",51
@FoxNews,0.0,1.0,0.0,0.0,"On an all-new 'OBJECTified,' @KrisJenner sits down with @harveylevintmz to discuss her journey ‚Äì and the events tha‚Ä¶ https://t.co/6l6RXJ8T7X",52
@FoxNews,0.0,1.0,0.0,0.0,Dems who drafted bill to abolish ICE now say they'll vote against it https://t.co/4FSvKUHiKB,53
@FoxNews,0.0,1.0,0.0,0.0,".@Nigel_Farage: ""Trump believes in Brexit. He believes in a world of democratic nation-states cooperating with each‚Ä¶ https://t.co/EgAnCEHBCd",54
@FoxNews,-0.4824,0.719,0.281,0.0,CDC WARNING: Do not eat 'Honey Smacks' cereal. https://t.co/EGwxZiPEUj,55
@FoxNews,0.0,1.0,0.0,0.0,".@SteveHiltonx: ""They won't give @realDonaldTrump a state visit but a couple of years ago they parade Xi Jinping th‚Ä¶ https://t.co/aWyi0CATgf",56
@FoxNews,-0.6705,0.621,0.379,0.0,HAPPENING NOW: Anti-@realDonaldTrump protests rage for second day in London. https://t.co/1T0slMPALv,57
@FoxNews,0.0,1.0,0.0,0.0,".@POTUS: ""The relationship is very, very strong."" https://t.co/ClWERSvV8P",58
@FoxNews,-0.0516,0.68,0.165,0.155,".@Johnny_Joey on @RepCohen 'Purple Heart' comments: ""It's pretty disgraceful and probably the stupidest thing someo‚Ä¶ https://t.co/r8GdUw63ay",59
@FoxNews,0.7717,0.676,0.0,0.324,"OPINION: @newtgingrich: GOP could win big in November thanks to Democrats‚Äô radical, unrealistic immigration stance https://t.co/QjvEKGGJtM",60
@CNN,0.0,1.0,0.0,0.0,"5 things for Friday:

- President Trump in the UK
- Strzok hearing
- Syria
- AT&amp;T-Time Warner 
- Emmys‚Ä¶ https://t.co/HB7FKxxFHs",61
@CNN,-0.7184,0.667,0.333,0.0,A woman accused of attacking a 91-year-old Mexican man with a concrete brick has been charged with attempted murder‚Ä¶ https://t.co/SGSlznkdnQ,62
@CNN,-0.6808,0.728,0.272,0.0,A Florida sporting goods manager says he tackled a man trying to steal a gun. Now he's been fired.‚Ä¶ https://t.co/JICAN9AGZf,63
@CNN,0.4019,0.87,0.0,0.13,A jury has awarded $4.62 billion to 22 women who sued pharmaceutical giant Johnson &amp; Johnson alleging their ovarian‚Ä¶ https://t.co/1G7OEfTcy0,64
@CNN,0.0,1.0,0.0,0.0,"RT @CNNPolitics: ""The relationship is very, very strong,"" US President Trump says before a bilateral meeting with British PM Theresa May ht‚Ä¶",65
@CNN,0.0,1.0,0.0,0.0,"Last month, CNN sent writing paper along with a stamped and addressed return envelope to immigrant mothers separate‚Ä¶ https://t.co/4nZT3bFgcl",66
@CNN,0.0,1.0,0.0,0.0,President Trump is meeting the Queen for tea. Here's what to watch for: https://t.co/sWpAArRs7a https://t.co/QOItikiLP5,67
@CNN,-0.34,0.821,0.179,0.0,Stormy Daniels performs in a different Ohio strip club after arrest https://t.co/JIXnlJtJjB https://t.co/sah9rShhd2,68
@CNN,-0.34,0.893,0.107,0.0,Pakistan's largest province is in lockdown as authorities prepare for the return -- and arrest -- of former Prime M‚Ä¶ https://t.co/JwvYWOQEKc,69
@CNN,-0.2411,0.911,0.089,0.0,"""I am not responsible for immigration policies across Europe or even in our country or city.""

London Mayor Sadiq K‚Ä¶ https://t.co/9HW3FdMtXe",70
@CNN,-0.4201,0.883,0.117,0.0,"RT @cnni: ""It must have been a very difficult evening for Prime Minister May."" London Mayor Sadiq Khan responds to Donald Trump's interview‚Ä¶",71
@CNN,-0.2263,0.899,0.101,0.0,"A giant ""Trump Baby"" balloon has been inflated near Britain's Houses of Parliament, amid protests at President Trum‚Ä¶ https://t.co/HLV2odnra0",72
@CNN,0.7321,0.709,0.0,0.291,"Trump confidant says the President had a ""love fest"" with British PM Theresa May, despite critical interview‚Ä¶ https://t.co/A6n5OMPuFv",73
@CNN,-0.7184,0.667,0.333,0.0,A woman accused of attacking a 91-year-old Mexican man with a concrete brick has been charged with attempted murder‚Ä¶ https://t.co/cVomtfJVqc,74
@CNN,-0.4404,0.794,0.206,0.0,"Protesters have inflated a giant ""Trump Baby"" balloon near Britain's Houses of Parliament, in protest of President‚Ä¶ https://t.co/FjsWrFiWni",75
@CNN,-0.4939,0.775,0.225,0.0,Trump detonates Brexit bomb in Britain visit | Analysis by @StCollinson https://t.co/GbWEB4b13E https://t.co/6ykhx717D3,76
@CNN,0.0,1.0,0.0,0.0,"In Trump's interview with The Sun during his UK visit he also said, ""You don't hear the word 'England' as much as y‚Ä¶ https://t.co/kpAhRMOl2R",77
@CNN,-0.7506,0.738,0.262,0.0,"He reiterated his frustration with past US administrations and NATO. 

Trump said they failed to act to rectify the‚Ä¶ https://t.co/eeReWGQoZ4",78
@CNN,-0.4767,0.866,0.134,0.0,"Trump was less complementary about Sadiq Khan -- the US President said he had done a ""terrible job"" as London mayor. https://t.co/7tsnCO7aX2",79
@CNN,0.0,1.0,0.0,0.0,"Donald Trump is scheduled to meet with Queen Elizabeth II later today -- he described her as a ""tremendous woman,""‚Ä¶ https://t.co/tCbZBQF0Tw",80
@nytimes,0.0,1.0,0.0,0.0,Reporter Gardiner Harris found he was both invisible and very much watched during a visit to North Korea. https://t.co/FpJ13gb2Lc,81
@nytimes,-0.4588,0.664,0.235,0.102,Bette Nesmith Graham was a terrible typist. So she invented a product that took away the pressure of perfectionism. https://t.co/Cw0PRm4yIx,82
@nytimes,0.0,1.0,0.0,0.0,"Britain, Time to Let Go of the ‚ÄòAnglosphere‚Äô https://t.co/LhNwBcC9Jo",83
@nytimes,0.0,1.0,0.0,0.0,"The Chinese government's decision to release Liu Xia, widow of the country's most famous dissident, sprung from the‚Ä¶ https://t.co/tbn2zTnetW",84
@nytimes,-0.128,0.657,0.183,0.16,RT @alanblinder: The Justice Department has reopened its investigation into the death of Emmett Till. https://t.co/cst7R8jMvV,85
@nytimes,0.7346,0.78,0.0,0.22,"RT @julieturkewitz: ‚ÄúWe‚Äôre very lucky that my boss has been friends with the vice president,‚Äù said David Duquette, an aide to the magnate w‚Ä¶",86
@nytimes,-0.6705,0.816,0.184,0.0,"Cpl. Joseph Maciel, who was killed by an Afghan soldier on Saturday, was assigned to a unit meant to provide securi‚Ä¶ https://t.co/RRwSrrgVaB",87
@nytimes,0.3612,0.889,0.0,0.111,RT @itscaitlinhd: All ‚Äúeligible‚Äù children under 5-years-old have been reunified with their parents. That doesn‚Äôt mean much to people like N‚Ä¶,88
@nytimes,0.765,0.742,0.0,0.258,"RT @maggieNYT: When Trump took his official portrait, he giddily told people he thought his frown looked ""like Churchill."" Great @katieroge‚Ä¶",89
@nytimes,-0.6808,0.763,0.237,0.0,Bette Nesmith Graham was a terrible typist. She was also an artist who observed that painters covered up mistakes n‚Ä¶ https://t.co/VBh9pB35z7,90
@nytimes,-0.6369,0.634,0.366,0.0,"In Troubled Cameroon, U.S. Envoy Is Accused of Election Meddling https://t.co/pXGDWAzcHJ",91
@nytimes,-0.1027,0.765,0.129,0.106,9 new books recommended by critics and editors at The New York Times this week https://t.co/l3UnSz0Ajn,92
@nytimes,0.0,1.0,0.0,0.0,Astronomers traced a neutrino back to a distant galaxy. ‚ÄúWe have found the first source of cosmic rays.‚Äù https://t.co/fMhKD3n0oG,93
@nytimes,-0.3182,0.733,0.168,0.099,A painting worth $1 million has turned up 4 decades after it was stolen from a Manhattan warehouse https://t.co/334A5NHqlB,94
@nytimes,0.4019,0.847,0.0,0.153,2 Democratic senators asked federal regulators to investigate the business practices of smart TV manufacturers amid‚Ä¶ https://t.co/QSJBVhkELf,95
@nytimes,0.0,1.0,0.0,0.0,"Tech companies have changed the world by building answers to obvious questions ‚Äî but now the obvious, pressing ques‚Ä¶ https://t.co/iCfEVikIcp",96
@nytimes,-0.2263,0.899,0.101,0.0,Many celebrities and politicians found their Twitter followings knocked down a few digits as the company slashed te‚Ä¶ https://t.co/IzbV0vNBHT,97
@nytimes,0.6249,0.814,0.0,0.186,RT @PamelaPaulNYT: Now you finally get to know which books the great Michiko Kakutani really wants to read. https://t.co/5gQ2abkmTF,98
@nytimes,0.0,1.0,0.0,0.0,Ireland is expected to become the first country to formally pledge to divest from fossil fuels https://t.co/24zgVmfSl5,99
@nytimes,0.5106,0.837,0.0,0.163,"‚ÄúI still can‚Äôt believe it worked.‚Äù Inside the Thai soccer team's rescue: floating stretchers, anti-anxiety pills an‚Ä¶ https://t.co/KdCrVdGMP6",100
@BBCWorld,-0.5423,0.632,0.368,0.0,China industrial park explosion kills 19 https://t.co/rrOXvoFOBf,101
@BBCWorld,0.0,1.0,0.0,0.0,Why Brussels is keeping quiet on May's White Paper https://t.co/ptFTPbcGb5,102
@BBCWorld,-0.5267,0.726,0.274,0.0,Egypt explosion: Twelve hurt in blast near Cairo airport https://t.co/Q0eFTgBLKW,103
@BBCWorld,0.0,1.0,0.0,0.0,Koster - the South African town where residents took back control https://t.co/Lc2AMkm0Dn,104
@BBCWorld,0.0,1.0,0.0,0.0,Kylie Jenner: How the reality teen founded a cosmetics empire https://t.co/rwFrEnZpAc,105
@BBCWorld,0.0,1.0,0.0,0.0,The 'vegetarian' mutton curry that unites Bengalis https://t.co/BNzXXPpYKh,106
@BBCWorld,-0.7003,0.547,0.453,0.0,Fake Twitter users: Celebrities lose followers amid crackdown https://t.co/Fr69OhMtwJ,107
@BBCWorld,0.0,1.0,0.0,0.0,Trump 'riding a unicorn over a rainbow' says ex-spokesman Spicer https://t.co/n78OwCeGtJ,108
@BBCWorld,0.0,1.0,0.0,0.0,Ex-Pakistan PM Nawaz Sharif returns to face 'jail cell' https://t.co/PmM6L7nZOn,109
@BBCWorld,0.0,1.0,0.0,0.0,EU's Jean-Claude Juncker filmed stumbling at Nato event https://t.co/tIVeJr1Riw,110
@BBCWorld,0.0,1.0,0.0,0.0,Sparks fly in FBI agent's Trump testimony https://t.co/Ntuy8mpRht,111
@BBCWorld,0.0,1.0,0.0,0.0,Ireland set to be first country to end investment in fossil fuels https://t.co/wiT3eSj8Wq,112
@BBCWorld,0.34,0.906,0.0,0.094,"RT @BBCNews: Bands from the Welsh, Irish and Scots Guards play for Donald Trump at Blenheim Palace ahead of tonight's dinner with Theresa M‚Ä¶",113
@BBCWorld,0.5859,0.678,0.0,0.322,Paul Manafort: The man who helped Trump win https://t.co/J6XrVqOLKY,114
@BBCWorld,0.0,1.0,0.0,0.0,"RT @BBCNews: Donald Trump arrives at Blenheim Palace, for tonight's gala dinner hosted by Theresa May

Latest: https://t.co/BlLsEwTJPE #Tru‚Ä¶",115
@BBCWorld,-0.4215,0.648,0.352,0.0,Canada province cancels new sex-ed curriculum after protests https://t.co/tgUT0vZldy,116
@BBCWorld,0.0,1.0,0.0,0.0,US claims all eligible migrant toddlers reunited with parents https://t.co/Rrsyo6oLRJ,117
@BBCWorld,0.0,1.0,0.0,0.0,"Russian artists on culture, identity and censorship https://t.co/XEiGwzQSVy https://t.co/Jh1YgzKra2",118
@BBCWorld,0.0,1.0,0.0,0.0,US reopens investigation of Emmett Till slaying 63 years later https://t.co/whHNEDhfh0,119
@BBCWorld,-0.9001,0.476,0.524,0.0,North Korea fails to attend talks on repatriation of US war dead https://t.co/ro69gHV9ac,120
@CBSNews,-0.5574,0.847,0.153,0.0,A federal ban passed in 2016 will wipe out smoking in nearly a million public housing units around the country at t‚Ä¶ https://t.co/4UzpZfO5cK,121
@CBSNews,0.0,1.0,0.0,0.0,Peter Strzok tells House Judiciary Committee he does not object to the release of his closed-door testimony to the‚Ä¶ https://t.co/CeBesoRvQD,122
@CBSNews,-0.34,0.87,0.13,0.0,WATCH: House Judiciary Committee members argue over whether they can release transcript of Peter Strzok's closed-do‚Ä¶ https://t.co/lI7lfbf2Vn,123
@CBSNews,-0.296,0.909,0.091,0.0,"Strzok: What I can tell you, is that text in no way suggested that I or the FBI would take any action to influence‚Ä¶ https://t.co/IA1vhpmHtc",124
@CBSNews,0.0,1.0,0.0,0.0,"‚ÄúIt‚Äôs an impossible definition to say, ‚ÄòPeople must not have political opinion.‚Äô Everyone does. the test is whether‚Ä¶ https://t.co/lhRgXwjEiO",125
@CBSNews,0.0,1.0,0.0,0.0,Rep. Goodlatte reads a series of Strzok's messages: ‚ÄúDo you understand the¬†implications of this text when¬†my consti‚Ä¶ https://t.co/GQgrjuiYzK,126
@CBSNews,0.0,1.0,0.0,0.0,"""I separated out my personal beliefs from any action I took as an FBI agent every day,"" Peter Strzok tells Rep. Goo‚Ä¶ https://t.co/3wduJIeUrh",127
@CBSNews,0.0,1.0,0.0,0.0,"""I moved to subpoena Steve Bannon. He was a witness in the House committee investigation he was under subpoena and‚Ä¶ https://t.co/mQxrGXkDUW",128
@CBSNews,0.4215,0.872,0.0,0.128,"House hearing erupts with applause after Strzok replies to Rep. Trey Gowdy: ""The proposition that that is going on‚Ä¶ https://t.co/xAlbASE7rg",129
@CBSNews,-0.6059,0.809,0.191,0.0,"Green Day's ""American Idiot"" may have come out in 2004, but it just skyrocketed to No. 18 on the U.K. charts again‚Ä¶ https://t.co/aWx7ffuKXQ",130
@CBSNews,0.6486,0.773,0.0,0.227,‚ÄúCan‚Äôt [Strzok] answer the questions that you promised he would have an opportunity to answer? He endured 15 minute‚Ä¶ https://t.co/F04VgMX9N5,131
@CBSNews,0.4939,0.862,0.0,0.138,"Rep. Gowdy: May 17 2017: Bob Mueller is appointed, Your friend Jim Comey has been fired...Do you remember how long‚Ä¶ https://t.co/nn9bokekH6",132
@CBSNews,-0.7525,0.737,0.263,0.0,"""We have indulged this harassment for nine minutes,"" Rep. Coleman interrupts Rep. Gowdy has he is grilling Strzok a‚Ä¶ https://t.co/BqEGSegHF5",133
@CBSNews,-0.296,0.909,0.091,0.0,"Strozk: What I can tell you, is that text in no way suggested that I or the FBI would take any action to influence‚Ä¶ https://t.co/duWicG8jW0",134
@CBSNews,0.0,1.0,0.0,0.0,"""You are the lead investigator, you originated the investigation, you are the point of contact, you drafted the doc‚Ä¶ https://t.co/i0zfEJGKKW",135
@CBSNews,-0.34,0.876,0.124,0.0,Peter Strzok's hearing is so divisive that lawmakers continue to argue about how to conduct the questioning‚Ä¶ https://t.co/c3yOYp3e1q,136
@CBSNews,-0.4019,0.856,0.144,0.0,WATCH: Peter Strzok's congressional hearing deteriorates into arguments as lawmakers mince words about the rules be‚Ä¶ https://t.co/v7v15uOC0f,137
@CBSNews,-0.1779,0.681,0.178,0.141,"Secret Service issues ""actionable"" guide to help identify students who may be a threat https://t.co/88b1DY3rDf https://t.co/yszOk6iDr6",138
@CBSNews,0.4767,0.853,0.0,0.147,Strzok: ‚ÄúI'm also proud of our work on the Russian interference investigation. This is an investigation into a dire‚Ä¶ https://t.co/t6zAMYJXAk,139
@CBSNews,-0.3182,0.887,0.113,0.0,"‚ÄúAmericans are skeptical of anything coming out of Washington. But the fact is, after months of investigations, the‚Ä¶ https://t.co/duZeTlpu6r",140
@FoxNews,-0.4215,0.743,0.257,0.0,Gowdy accuses Strzok of 'textbook bias' in heated public hearing (via @brookefoxnews) https://t.co/7FPaFH7Kwq,141
@FoxNews,-0.0258,0.744,0.13,0.126,".@RepCummings: ""The Special Counsel has now obtained 5 guilty pleas and indicted 18 others including some of @POTUS‚Ä¶ https://t.co/efakrLFvd3",142
@FoxNews,0.0516,0.854,0.0,0.146,MOMENTS AGO: @RepGoodlatte swears in Peter Strzok. https://t.co/olN9ZGdCTt,143
@FoxNews,-0.3818,0.769,0.231,0.0,"Peter Strzok: ""There is simply no evidence of bias in my professional actions."" https://t.co/exFq8FXpYQ",144
@FoxNews,0.0,1.0,0.0,0.0,".@TGowdySC: ""Agent Strzok has a most unusual and a largely self-serving definition of bias."" https://t.co/c4qsOfnZa9",145
@FoxNews,-0.0258,0.744,0.13,0.126,".@RepCummings: ""The Special Counsel has now obtained 5 guilty pleas and indicted 18 others including some of @POTUS‚Ä¶ https://t.co/RqFPrqjvIc",146
@FoxNews,0.0,1.0,0.0,0.0,".@RepJerryNadler: ""Perhaps the rules of this joint investigation, such as they are, operate differently now that we‚Ä¶ https://t.co/LbUB5e3Esj",147
@FoxNews,-0.765,0.708,0.292,0.0,".@RepGoodlatte: ""Imagine if you were under investigation and the investigator hated you, disparaged you in all mann‚Ä¶ https://t.co/l5FQYitWnh",148
@FoxNews,0.0772,0.734,0.124,0.141,".@TGowdySC: ""Strzok promised to stop Trump from becoming president before the investigation even began."" https://t.co/Hh5evd7swo",149
@FoxNews,0.4019,0.87,0.0,0.13,".@TGowdySC: ""The moment Special Counsel Bob Mueller found out about Peter Strzok's texts and emails, he kicked him‚Ä¶ https://t.co/fHaYk6GoOO",150
@FoxNews,0.0,1.0,0.0,0.0,".@TGowdySC: ""Agent Strzok has a most unusual and a largely self-serving definition of bias."" https://t.co/SNQv6NWldz",151
@FoxNews,-0.2263,0.888,0.112,0.0,"Moments ago at the Peter Strzok hearing, @RepGoodlatte demanded answers of the FBI agent. https://t.co/n9rtHEvNOP https://t.co/jusNuFwaM0",152
@FoxNews,-0.296,0.761,0.239,0.0,".@RepGoodlatte: ""No one is above the law."" https://t.co/Guy7D8ItwH",153
@FoxNews,0.0,1.0,0.0,0.0,".@RepGoodlatte: ""Suppose all of this had been said about candidate Obama before he was elected, or even more topica‚Ä¶ https://t.co/c8VM0UTu2F",154
@FoxNews,-0.765,0.708,0.292,0.0,".@RepGoodlatte: ""Imagine if you were under investigation and the investigator hated you, disparaged you in all mann‚Ä¶ https://t.co/Mm1mQ388r1",155
@FoxNews,-0.1586,0.879,0.121,0.0,".@RepGoodlatte: ""We don't want to read text message after text message dripping with bias against one of the two pr‚Ä¶ https://t.co/oarJOgxTNh",156
@FoxNews,0.4588,0.857,0.0,0.143,".@RepGoodlatte: ""We welcome everyone to this morning's hearing on oversight of FBI and DOJ action surrounding the 2‚Ä¶ https://t.co/vjBuOJbPsj",157
@FoxNews,0.0,1.0,0.0,0.0,"FBI agent Peter Strzok testifies before House committees on FBI, DOJ actions during 2016 election https://t.co/NUrEMzw9dH",158
@FoxNews,0.1531,0.565,0.194,0.242,Michael Avenatti calls Stormy Daniels arrest 'politically motivated' https://t.co/hRSxiV5nEx,159
@FoxNews,0.128,0.897,0.0,0.103,Chris Wallace Announces Exclusive Interview With Vladimir Putin Monday After Trump Summit https://t.co/X4a3okVf0a https://t.co/7a4BVip1pq,160
@CNN,-0.5423,0.8,0.2,0.0,"A flight from Hong Kong to the Chinese mainland suddenly lost air pressure and dropped nearly 20,000 feet because t‚Ä¶ https://t.co/IMnqex4xQH",161
@CNN,0.0,1.0,0.0,0.0,"Archaeologists unearth a mysterious sarcophagus in Egypt 
https://t.co/8sVe5besTg https://t.co/HNM82COtIa",162
@CNN,-0.296,0.872,0.128,0.0,Embattled FBI agent Peter Strzok to face off with GOP critics at public hearing https://t.co/hC6IOn9rlv https://t.co/K8qyZ4b83j,163
@CNN,-0.7579,0.755,0.245,0.0,A former Western spy inside al Qaeda reveals how the terror group planned an attack on New York's subway in 2003 an‚Ä¶ https://t.co/MwvmOREHYV,164
@CNN,-0.4767,0.866,0.134,0.0,Adult film actress Stormy Daniels was arrested at a strip club in Ohio early Thursday and faces three counts of ill‚Ä¶ https://t.co/l5GzxGbGPE,165
@CNN,0.0,1.0,0.0,0.0,"President Trump arrives in the UK. He'll start his day there visiting with British Prime Minister Theresa May.

Fol‚Ä¶ https://t.co/BH5IRamA91",166
@CNN,0.0,1.0,0.0,0.0,Shark bites Instagram model posing in the Bahamas https://t.co/jlWQ38jpg8 https://t.co/OqBSx1Uja6,167
@CNN,0.0,1.0,0.0,0.0,"The Medicaid website has hidden a batch of Obamacare information that was once prominently featured, including deta‚Ä¶ https://t.co/kcqkCoPByF",168
@CNN,-0.446,0.513,0.349,0.138,"Facebook touts its fight on fake news, but struggles to explain why InfoWars isn't banned https://t.co/LlB4B0cpjb https://t.co/irwgRS0x3f",169
@CNN,0.0,1.0,0.0,0.0,"5 things for Thursday:

- NATO summit
- Immigration
- Papa John's
- India
- Twitter and Facebook‚Ä¶ https://t.co/BRrPAZUjMy",170
@CNN,0.795,0.665,0.0,0.335,'I think they like me there:' President Trump says he's popular in the UK despite threat of protests‚Ä¶ https://t.co/kf6wsrRQBi,171
@CNN,-0.1027,0.674,0.174,0.152,How President Trump's disdain for NATO could help Putin | Analysis by @stcollinson https://t.co/NODQRx7Ahc https://t.co/B6KMbzB84z,172
@CNN,-0.1531,0.904,0.096,0.0,America is falling far behind on key world goals | By Jeffrey Sachs via @CNNOpinion https://t.co/uJ1S0hM5ot https://t.co/P96YvZY0aP,173
@CNN,-0.6705,0.791,0.209,0.0,"An Icelandic whaling company has reportedly killed a blue whale, an endangered species and the largest animal known‚Ä¶ https://t.co/WZuPWgl8Ul",174
@CNN,0.0,1.0,0.0,0.0,"President Trump's barrage of acidic rhetoric at the NATO summit was ""beyond belief,"" reeling diplomats say‚Ä¶ https://t.co/g5Iqxnbugt",175
@CNN,-0.7906,0.667,0.333,0.0,An Illinois police officer has resigned after being criticized for not intervening as a man harassed a woman for we‚Ä¶ https://t.co/ltfMHkYHp9,176
@CNN,-0.296,0.885,0.115,0.0,"Pfizer caved to pressure from President Trump to temporarily roll back its drug price increases, a concession that‚Ä¶ https://t.co/9unmp1pRED",177
@CNN,-0.3612,0.8,0.2,0.0,Twitter is purging suspicious accounts from your follower count https://t.co/YwA4nKJhY0 https://t.co/zhljORbLbn,178
@CNN,0.0,1.0,0.0,0.0,"""The move to eliminate plastic straws is just the latest example of the able-bodied world overlooking the disabilit‚Ä¶ https://t.co/jwuimomS7o",179
@CNN,0.0,1.0,0.0,0.0,President Trump says he will ask Russian President Vladimir Putin at their upcoming meeting about Russian election‚Ä¶ https://t.co/dmUCWeCeAa,180
@nytimes,-0.765,0.72,0.28,0.0,"President Trump's trade war started with 18 products. The dispute now includes about 10,000. Our graphic explains h‚Ä¶ https://t.co/bqBTqq8ljD",181
@nytimes,0.3818,0.708,0.092,0.2,"RT @nytimesworld: After several contentious meetings, President Trump strongly reaffirmed his support for NATO. The alliance, he said, is ‚Äú‚Ä¶",182
@nytimes,0.4588,0.727,0.0,0.273,Football Told Me I Wasn‚Äôt Welcome. When Will I Be? https://t.co/SjvhVJctcN,183
@nytimes,0.0,1.0,0.0,0.0,We removed the ‚öΩÔ∏ès from these World Cup photos. See if you can guess where they once were. https://t.co/nGQALJPPUG https://t.co/DihDv1EjKb,184
@nytimes,0.3182,0.628,0.152,0.22,Album Review: Dirty Projectors Find Love in Dystopian Times on ‚ÄòLamp Lit Prose‚Äô https://t.co/KjfbqxT2Gk,185
@nytimes,0.0,1.0,0.0,0.0,‚ÄúThe combination of high daytime and high nighttime temperatures can be really lethal because the body doesn‚Äôt have‚Ä¶ https://t.co/VDQxny8tRg,186
@nytimes,0.0,1.0,0.0,0.0,"They named it Ingentia prima, meaning ‚Äúthe first giant.‚Äù ‚ÄúThis new dinosaur changes our understanding of how dinosa‚Ä¶ https://t.co/hZ5HSCYs0p",187
@nytimes,0.0,1.0,0.0,0.0,"‚ÄúThe implications of all this are large,‚Äù one paleoanthropologist said. ‚ÄúWe must re-evaluate our understanding of h‚Ä¶ https://t.co/9EdIRpG23X",188
@nytimes,0.0772,0.852,0.067,0.081,RT @nytimesbusiness: Men still dominate the Top 12 on the list of the BBC‚Äôs highest-paid stars despite the publicly financed broadcaster‚Äôs‚Ä¶,189
@nytimes,0.0772,0.802,0.093,0.105,"If you've been watching the World Cup, you've seen every player from every country react to a missed goal like this‚Ä¶ https://t.co/eNi3sNe737",190
@nytimes,-0.5574,0.87,0.13,0.0,"Her father died ejecting from a B-57 bomber 63 years ago. Last year, she met the man who was the last to see him: h‚Ä¶ https://t.co/jMg9Aear5M",191
@nytimes,0.0,1.0,0.0,0.0,Trilobites: This Snail Goes Through Metamorphosis. Then It Never Has to Eat Again. https://t.co/qXwdoj7V2d,192
@nytimes,0.8442,0.664,0.0,0.336,China has been vocal about its desire to build electric and driverless cars. German automakers are happy to help ‚Äî‚Ä¶ https://t.co/cmchK6m0qg,193
@nytimes,0.0,1.0,0.0,0.0,"RT @nytopinion: In the first nine months of this fiscal year, 68,560 families and 37,450 unaccompanied children arrived at our southern bor‚Ä¶",194
@nytimes,0.0,0.811,0.095,0.095,"Summer nights in the U.S. have warmed at nearly twice the rate of days, with overnight low temperatures increasing‚Ä¶ https://t.co/9k9KfJ5MGc",195
@nytimes,-0.2516,0.766,0.14,0.094,"Global health experts say breast milk is especially important for babies in poor countries, where unsafe water supp‚Ä¶ https://t.co/d3x4UkqB19",196
@nytimes,0.0,1.0,0.0,0.0,"Rami al-Sayyed, an activist who lives in a makeshift refugee camp, provides a glimpse into the lives of some of the‚Ä¶ https://t.co/lyJN9ViNLg",197
@nytimes,-0.4767,0.78,0.22,0.0,"Stormy Daniels Arrested at Strip Club in Columbus, Her Lawyer Says https://t.co/HStXhiHwIn",198
@nytimes,0.6249,0.709,0.0,0.291,10 great last-minute summer getaways you can book in July https://t.co/QvU0EqE0oE,199
@nytimes,-0.0516,0.915,0.085,0.0,"BBC Closes Gender Pay Gap, but Men Are Still Its 12 Highest-Paid Stars https://t.co/oBmfpErs7L",200
@BBCWorld,0.25,0.778,0.0,0.222,"Pakistan election: Bhutto outlines 'peaceful, progressive' vision https://t.co/mAkH70sz06",201
@BBCWorld,0.0,1.0,0.0,0.0,"China investigates why plane dropped more than 6,000m https://t.co/I9sTlKjGBh",202
@BBCWorld,-0.3182,0.777,0.223,0.0,Nato summit: Leaders to focus on Afghanistan conflict https://t.co/DUhuyVZeZM,203
@BBCWorld,0.0,1.0,0.0,0.0,Thailand cave: Museum and movie in the works for Tham Luang https://t.co/SmUolGZq7a,204
@BBCWorld,-0.2732,0.769,0.231,0.0,Australian Ballet performance cut short by rat https://t.co/r72sSzSmFT,205
@BBCWorld,0.3612,0.738,0.103,0.159,RT @SallyBundockBBC: The agony for #England and ecstacy for #Croatia - give us your reaction to the outcome of the last #WorldCup semi-fina‚Ä¶,206
@BBCWorld,0.0,1.0,0.0,0.0,Mughalsarai: Renaming British-era train station causes Indian political storm https://t.co/3DK6SySQ7d,207
@BBCWorld,0.5423,0.72,0.0,0.28,How the Ethiopia-Eritrea peace process could reunite one family https://t.co/q9wbbddykL,208
@BBCWorld,-0.7096,0.629,0.371,0.0,Trump in UK: Pomp and protest as visit ignites culture war https://t.co/Xe9kD5rA43,209
@BBCWorld,0.5106,0.732,0.0,0.268,World Cup 2018: Croatia fans ecstatic after ousting England https://t.co/UyKl5xcwRB,210
@BBCWorld,0.5106,0.602,0.0,0.398,Cave rescue: Key questions answered https://t.co/gCVVBhRVzw,211
@BBCWorld,0.0,1.0,0.0,0.0,Kylie Jenner to be youngest self-made billionaire - Forbes https://t.co/Gt1rLGmC5v,212
@BBCWorld,0.0,1.0,0.0,0.0,Guillotine sold to millionaire collector https://t.co/K1Xs28MYJ5,213
@BBCWorld,0.0,1.0,0.0,0.0,"RT @BBCSport: GOAL

Mario Mandzukic drills Croatia in front.

#CRO 2-1 #ENG 

LIVE:
üì± https://t.co/C5GtYW7jpj 
üìª @5liveSport 

#ENGCRO #Wor‚Ä¶",214
@BBCWorld,0.0,1.0,0.0,0.0,"RT @BBCSport: ET HT: #CRO 1-1 #ENG 

Both sides have come close to getting a second...

15 minutes away from penalties...

LIVE:
üì± https://‚Ä¶",215
@BBCWorld,-0.1027,0.924,0.076,0.0,"RT @BBCSport: Extra-time it is... and we're underway...

How are your nerves?

#CRO 1-1 #ENG 

LIVE:
üì± https://t.co/C5GtYW7jpj 
üìª @5liveSpo‚Ä¶",216
@BBCWorld,-0.4767,0.871,0.129,0.0,"RT @bbctennis: After four hours and 47 minutes on court, Rafael Nadal is in the Wimbledon semi-finals.

He‚Äôs defeated Argentina‚Äôs Juan Mart‚Ä¶",217
@BBCWorld,0.4173,0.892,0.0,0.108,"RT @BBCSport: FT: #CRO 1-1 #ENG 

Ivan Perisic's finish means this is far from over.

So, who's ready for another 30 minutes?

LIVE:
üì± http‚Ä¶",218
@BBCWorld,0.0,1.0,0.0,0.0,"RT @BBCSport: GOAL 

#CRO 1-1 #ENG 

Ivan Perisic meets a cross to flick Croatia level.

LIVE:
üì± https://t.co/C5GtYW7jpj 
üìª @5liveSport htt‚Ä¶",219
@BBCWorld,0.0,1.0,0.0,0.0,"RT @BBCSport: England are 45 minutes away from a #WorldCup final.

This is it. #ENGCRO is back underway...

LIVE:
üì± https://t.co/NE6Uhqrvz6‚Ä¶",220
@CBSNews,-0.5859,0.63,0.265,0.105,A firefighter died and at least a dozen people were injured after a natural gas explosion leveled buildings in Sun‚Ä¶ https://t.co/EMF6xns4GX,221
@CBSNews,0.2878,0.907,0.0,0.093,"WATCH: A group of men only needed a few seconds to make off with more than $27,000 worth of computers and phones fr‚Ä¶ https://t.co/YGYyCMLZhi",222
@CBSNews,-0.4019,0.863,0.137,0.0,A man could lose his limbs and even his life after contracting a flesh-eating bacteria in New Jersey waters‚Ä¶ https://t.co/aPO3glVXsZ,223
@CBSNews,0.7987,0.676,0.0,0.324,"WATCH: Police officer caught on news station's security camera -- but she wasn't fighting crime, she was dancing al‚Ä¶ https://t.co/kzX3YdvvHM",224
@CBSNews,0.0,1.0,0.0,0.0,"Sarah Palin said she was ""duped"" by Sacha Baron Cohen for his upcoming Showtime series ""Who Is America?"" She wrote‚Ä¶ https://t.co/EsSf7f6U3c",225
@CBSNews,-0.4215,0.872,0.128,0.0,A mayor in Pennsylvania suggested that people protesting police should be hit with water cannons. Now the city is s‚Ä¶ https://t.co/o52psmlwXJ,226
@CBSNews,0.3612,0.889,0.0,0.111,"When it comes to household tasks, ""DIY"" may seem like the cheaper alternative to hiring a pro. But the reality can‚Ä¶ https://t.co/K7KoGAUTVp",227
@CBSNews,0.0,1.0,0.0,0.0,"President Trump, NATO allies take photo at summit in Brussels https://t.co/4QYMUvUbQv https://t.co/vLcouxPIFh",228
@CBSNews,-0.3612,0.839,0.161,0.0,"Student debt is finally leveling off‚Äîbut not for the reason you'd expect 
https://t.co/YDRuhkklWY https://t.co/DeVRsrKtFK",229
@CBSNews,-0.8481,0.709,0.291,0.0,Convicted killer Scott Raymond Dozier is set to be executed Wednesday night and has even said he wants to die. But‚Ä¶ https://t.co/zi4mmZGv23,230
@CBSNews,-0.6486,0.815,0.185,0.0,"Former UCLA basketball player Billy Knight was found dead after posting a YouTube video saying he lived ""a life of‚Ä¶ https://t.co/mQJwV478bz",231
@CBSNews,-0.7845,0.734,0.266,0.0,The U.S. issued travel warnings earlier this year for parts of Mexico. Police are now investigating the murder of a‚Ä¶ https://t.co/yFO8bPef4M,232
@CBSNews,-0.8625,0.569,0.431,0.0,A second suspect has been arrested for the fatal shooting of rapper XXXTentacion and charged with first-degree murd‚Ä¶ https://t.co/P4wMqq1WTI,233
@CBSNews,-0.9147,0.61,0.39,0.0,SCAM WARNING: Tyler Perry warns fans not to fall for Facebook scams using his name -- and he's not the only mogul t‚Ä¶ https://t.co/c5g0MVPFht,234
@CBSNews,-0.6597,0.747,0.253,0.0,Young siblings diagnosed with same brain cancer within weeks of each other https://t.co/kJVEM0loOA https://t.co/6FPYkT03uY,235
@CBSNews,-0.0258,0.739,0.133,0.128,"Macy's says cyberthieves hacked the accounts of thousands of customers, compromising full names, credit card number‚Ä¶ https://t.co/z80hRiBDEd",236
@CBSNews,0.5719,0.764,0.0,0.236,Alexandria Ocasio-Cortez wins another primary; this one she didn't run in https://t.co/bhhFu5KcoV https://t.co/6mCc64oSE7,237
@CBSNews,0.128,0.81,0.085,0.105,"""Even though the odds seemed impossible, what I've always been taught is to take risk and be bold when the situatio‚Ä¶ https://t.co/pR2vG9kyVL",238
@CBSNews,-0.128,0.588,0.227,0.185,Shares slide amid escalating U.S.-China trade tensions https://t.co/4dgw4qAt1S https://t.co/C4bYzgKcUP,239
@CBSNews,0.0,1.0,0.0,0.0,"WATCH: President Trump meets with French President Macron.
""We have a tremendous relationship. We're discussing tra‚Ä¶ https://t.co/IfC38uJPVn",240
@FoxNews,0.0,1.0,0.0,0.0,.@POTUS meets with French President @EmmanuelMacron https://t.co/6uaNsZYanW,241
@FoxNews,0.5267,0.68,0.078,0.241,"Worlds collide in autonomous 1965 Ford Mustang, but hopefully it won't https://t.co/g1HlZ1MrO4",242
@FoxNews,0.4939,0.738,0.0,0.262,Senate Democrats hold a news conference to address health care.  https://t.co/aQErj4iMGR,243
@FoxNews,0.0,1.0,0.0,0.0,Senate Democrats hold a news conference to address Judge Kavanaugh. https://t.co/aQErj4iMGR,244
@FoxNews,0.4215,0.872,0.0,0.128,The Thai hospital where the 12 boys and their soccer coach are recuperating after being rescued from a flooded cave‚Ä¶ https://t.co/PJTErL6BoA,245
@FoxNews,0.0,1.0,0.0,0.0,.@POTUS: ‚ÄúWe have a tremendous relationship with Germany.‚Äù https://t.co/s6YRcFvPmw,246
@FoxNews,-0.8074,0.552,0.448,0.0,Former UCLA basketball star found dead after recording heartbreaking video https://t.co/YGPAb71OYp,247
@FoxNews,0.0,1.0,0.0,0.0,.@HouseGOP leaders hold a news conference https://t.co/T3vIHFgvHs,248
@FoxNews,0.0,0.723,0.139,0.139,"Norfolk airport police find girl's lost stuffed dog, take him on an adventure https://t.co/NZJi0OXYmr",249
@FoxNews,0.0,1.0,0.0,0.0,Trump tangles with NATO leaders in testy start to Brussels summit https://t.co/3c3DEHPn0a,250
@FoxNews,-0.5994,0.738,0.262,0.0,PayPal slammed after telling customer that her death 'breached its rules' https://t.co/HELyoc62ep,251
@FoxNews,-0.2263,0.853,0.147,0.0,Protesters Yell 'Shame' at @IvankaTrump as She Attends Roundtable in NY https://t.co/bWqyyQLL5h,252
@FoxNews,-0.743,0.559,0.441,0.0,George Clooney's scary motorbike accident caught on surveillance video https://t.co/mTuBBTNWN1,253
@FoxNews,-0.5908,0.489,0.349,0.161,"Thai cave rescue almost ended in disaster, after main pump reportedly failed https://t.co/sIIfVLgrqL",254
@FoxNews,0.0,1.0,0.0,0.0,".@ChuckGrassley: ‚ÄúThis president‚Äôs following through with something that he said during the campaign, something he‚Ä¶ https://t.co/hKO5f7ZDxU",255
@FoxNews,-0.5719,0.748,0.252,0.0,WATCH: Waitress Pulls Pistol on Attacker After He Punches Her Co-Worker https://t.co/QqBpHnaNja,256
@FoxNews,0.5859,0.678,0.0,0.322,Van's amazing 180-degree highway spin caught on camera https://t.co/O76eIBsoLb,257
@FoxNews,0.0,1.0,0.0,0.0,Secretary General of NATO Jens Stoltenberg delivers remarks https://t.co/x98NlBOq0L,258
@FoxNews,0.4588,0.667,0.0,0.333,NATO leaders arrive for welcome ceremony https://t.co/9Y4ERAR9Zo,259
@FoxNews,0.0,1.0,0.0,0.0,.@POTUS gathers with world leaders at NATO @foxandfriends https://t.co/muKBNZXv0o,260
@CNN,-0.6705,0.78,0.22,0.0,"Two gunmen on a motorcycle, apparently aiming for a bar bouncer in Mexico City, killed a 27-year-old California wom‚Ä¶ https://t.co/AxvQdrq7l3",261
@CNN,0.0,1.0,0.0,0.0,"RT @NewDay: CNN's @JohnBerman: ""Major, was there ever a moment of doubt?""

Major Charles Hodges, US Air Force Unit: ""Absolutely, the whole‚Ä¶",262
@CNN,-0.6369,0.769,0.231,0.0,Pediatricians know why family separation is child abuse | By John Harlow via @CNNOpinion https://t.co/YPel2hZAB5 https://t.co/o4Wmte0xAl,263
@CNN,-0.2519,0.705,0.164,0.131,"The father of one of the rescued Thai soccer players says that he just can't wait to hug his son: ""I want to hug hi‚Ä¶ https://t.co/qTv60KyhHO",264
@CNN,0.4939,0.625,0.116,0.259,"Progressives are spoiling for a fight over the Supreme Court, and Democrats' 2020 presidential prospects are eager‚Ä¶ https://t.co/nmcl0nDVBL",265
@CNN,0.5106,0.784,0.0,0.216,"5 things for Wednesday:

- NATO summit
- Pfizer
- Obamacare
- Thailand cave rescue
- Sex addiction‚Ä¶ https://t.co/o01PzNG5Za",266
@CNN,0.0,1.0,0.0,0.0,Two former wrestlers at Ohio State University are defending Rep. Jim Jordan amid allegations that he turned a blind‚Ä¶ https://t.co/NXaZz7c18d,267
@CNN,-0.5423,0.816,0.184,0.0,"The US embassy has taken the unusual step of issuing a warning to American citizens in the UK to ""keep a low profil‚Ä¶ https://t.co/itUUYEhDS2",268
@CNN,0.0,1.0,0.0,0.0,"A Colorado hospital is suspending its transplant program for six to 12 months, citing staffing issues. Unless patie‚Ä¶ https://t.co/Ld0gsDYkpL",269
@CNN,0.0,1.0,0.0,0.0,"RT @NewDay: ""Trump is trying to conflate his issues over trade and his beef with Europe and the EU with NATO, and he's using our military s‚Ä¶",270
@CNN,0.0,1.0,0.0,0.0,These grandparents went to visit their soldier son-in-law at an Army base on July 4 and were turned over to ICE‚Ä¶ https://t.co/6w4o1u50I7,271
@CNN,0.25,0.905,0.0,0.095,Facebook says it will donate $5 to every newly created fundraiser posted on a US user's birthday. The fundraiser mu‚Ä¶ https://t.co/3auq4SnwiU,272
@CNN,0.0,1.0,0.0,0.0,"Tesla plans to open a plant in Shanghai that will crank out 500,000 vehicles a year https://t.co/YiZnLip4Bz https://t.co/2e27TF2ec0",273
@CNN,0.7906,0.682,0.0,0.318,"It began with great expectations, an eagerly-anticipated meeting with a reclusive leader, and a gift bag that inclu‚Ä¶ https://t.co/9jaU9bYRAR",274
@CNN,0.5267,0.848,0.0,0.152,A sheriff's deputy who found a baby partially buried but alive in the mountains of Montana over the weekend says he‚Ä¶ https://t.co/Sy7Wkoevj3,275
@CNN,-0.6705,0.732,0.268,0.0,There's a British campaign to make Green Day's 'American Idiot' the No. 1 song when President Trump arrives‚Ä¶ https://t.co/buIATSKoIC,276
@CNN,0.0,1.0,0.0,0.0,Paul Manafort's lawyers have new concerns about where the former Trump campaign chairman should be held in jail‚Ä¶ https://t.co/t29tAqBAjB,277
@CNN,0.765,0.752,0.0,0.248,Volunteers in the Thai cave rescue cheer after learning that the last of the 12 boys and their coach emerged safely‚Ä¶ https://t.co/WT689VJayd,278
@CNN,0.4404,0.868,0.0,0.132,"Scientists have discovered the world's oldest color. It's bright pink -- the color of bubble gum, flamingos and cot‚Ä¶ https://t.co/FDrDldiR2m",279
@CNN,-0.5267,0.694,0.231,0.074,The NFL Player's Association filed a grievance challenging the NFL's new policy on player protests during the pre-g‚Ä¶ https://t.co/NHobaApxmj,280
@nytimes,0.0,1.0,0.0,0.0,A Survival Guide for the Fourth Trimester https://t.co/jefc7cf3YD,281
@nytimes,0.0,1.0,0.0,0.0,"With Prime Day coming up, here's how our colleagues at @wirecutter, a New York Times company, are picking the best‚Ä¶ https://t.co/ITrX10agd1",282
@nytimes,-0.5423,0.8,0.2,0.0,Feature: Her Husband Was a Princeton Graduate Student. Then He Was Taken Prisoner in Iran. https://t.co/9hGbWLOAS1,283
@nytimes,-0.1263,0.795,0.113,0.092,RT @nytimesworld: The prospect that President Trump will acknowledge the annexation of Crimea is deeply worrying for other nations with lar‚Ä¶,284
@nytimes,0.6249,0.709,0.0,0.291,10 great last-minute summer getaways you can book in July https://t.co/fheSNhHvLx,285
@nytimes,0.2235,0.918,0.0,0.082,"In China, Big Brother is watching, and not hiding it. Cameras and facial recognition are being used to track, and s‚Ä¶ https://t.co/2OzrwQYYcu",286
@nytimes,0.128,0.766,0.106,0.128,"The law, introduced under British rule, is argued to be at odds with both precolonial India's acceptance of homosex‚Ä¶ https://t.co/IDAQKhsxib",287
@nytimes,0.6369,0.682,0.0,0.318,How to Start Knitting (and Learn to Love It) https://t.co/U8Ci38ijvr,288
@nytimes,0.5106,0.852,0.0,0.148,"Rescue divers in Thailand navigated flooded passages, with some openings as small as 3 feet wide and 2 feet tall, t‚Ä¶ https://t.co/ai8BT7OYbd",289
@nytimes,-0.128,0.93,0.07,0.0,New Zealand's nurses plan a 24-hour strike over what they say is excessive unpaid overtime. And it's not the only s‚Ä¶ https://t.co/9DS71jfClu,290
@nytimes,0.5514,0.835,0.0,0.165,Have you been brushing up on relative clauses? Subject-verb agreement? Test your skills in our copy editing quiz. https://t.co/76A5hBzRoK,291
@nytimes,-0.4939,0.849,0.151,0.0,"In Opinion 

Jenni Russell writes, ""Britain is teetering on the edge, on the verge of making catastrophic, irrevers‚Ä¶ https://t.co/2CAYQ2h3Wz",292
@nytimes,0.8834,0.59,0.052,0.357,RT @NYTNational: A beauty pageant winner gave up her crown after a skit at the Miss Massachusetts competition poked fun at the #MeToo movem‚Ä¶,293
@nytimes,0.1901,0.741,0.0,0.259,"Like Brexit, but More Orange https://t.co/qFrtn1wJ9k",294
@nytimes,-0.7443,0.699,0.301,0.0,An attempt to send displaced Nigerians home is raising fears that the countryside isn't ready ‚Äî or safe enough ‚Äî fo‚Ä¶ https://t.co/z2IEeUxGcJ,295
@nytimes,0.5574,0.805,0.0,0.195,Tesla said it had reached an agreement to build a factory in Shanghai ‚Äî its first plant outside the U.S. ‚Äî that wou‚Ä¶ https://t.co/9qlXThM5ym,296
@nytimes,-0.6249,0.76,0.24,0.0,"At a Kentucky restaurant taking on the opioid crisis, cooking is ‚Äú100 percent therapy‚Äù https://t.co/78UEbgpU0P",297
@nytimes,-0.7096,0.742,0.258,0.0,"The dancing FBI agent facing a felony charge after authorities said his gun discharged at a Colorado club, will be‚Ä¶ https://t.co/avtoiCkGIW",298
@nytimes,0.0,1.0,0.0,0.0,RT @nytimesbooks: The book has been aptly dubbed ‚Äú‚ÄòThe West Wing‚Äô meets ‚ÄòDevil Wears Prada.‚Äô‚Äù I see it more as C-SPAN meets ‚ÄúSex and the Ci‚Ä¶,299
@nytimes,-0.3182,0.813,0.124,0.062,"Our reporter @johnismay, a former U.S. Navy diving officer, sheds light on the obstacles to guiding the Thai childr‚Ä¶ https://t.co/Wcqnrx9y2e",300
@BBCWorld,0.4588,0.679,0.107,0.214,Not all heroes wear capes. This one donned a wetsuit and abandoned his holiday to look after the health of 13 frigh‚Ä¶ https://t.co/L09EYnIygM,301
@BBCWorld,-0.765,0.68,0.255,0.065,"Shots fired. 

The heat is on. 

The US has ramped up its trade war with China, listing $200bn (¬£150bn) worth of ad‚Ä¶ https://t.co/eE6d9fjVgA",302
@BBCWorld,0.3612,0.828,0.0,0.172,World Cup 2018: Why millions of fans see the football like this https://t.co/KCfyw5MRaj,303
@BBCWorld,-0.5423,0.741,0.259,0.0,Latino picnicker harassed in Illinois park as cop stands by https://t.co/EvDjpb4vxH,304
@BBCWorld,0.0,1.0,0.0,0.0,Why the end of US sanctions hasn't helped Sudan https://t.co/UxBE32ETJG,305
@BBCWorld,-0.6705,0.432,0.446,0.122,Child sex crime: Does India have a growing problem? https://t.co/W03c83djm1,306
@BBCWorld,0.0,1.0,0.0,0.0,Can Nato survive US President Donald Trump? https://t.co/5kwdim0SwL,307
@BBCWorld,-0.6705,0.459,0.431,0.11,German neo-Nazi murder trial reaches climax https://t.co/qR4qFMrpWV,308
@BBCWorld,0.8176,0.514,0.0,0.486,Cave rescue: Elation as Thai boys and coach freed by divers https://t.co/pLhURGIV9D,309
@BBCWorld,0.5574,0.69,0.0,0.31,Brett Kavanaugh: Trump Supreme Court pick under microscope https://t.co/0TokhZ8s9a,310
@BBCWorld,0.2263,0.924,0.0,0.076,"RT @BBCSport: Cristiano Ronaldo's stats at Real Madrid though üî•üî•üî•

We've analysed if at 33 years old, he's worth the ¬£99m Juventus have pai‚Ä¶",311
@BBCWorld,0.0,1.0,0.0,0.0,"RT @BBCMOTD: The scenes in Paris right now...
#FRABEL #worldcup https://t.co/hwnzzG44js",312
@BBCWorld,-0.2023,0.461,0.296,0.243,American celebrating wedding anniversary killed in Mexico City https://t.co/kTQqvMPMzo,313
@BBCWorld,0.0,1.0,0.0,0.0,US cannot reunite dozens of child migrants with their parents https://t.co/cNTxzEv0zr,314
@BBCWorld,0.0,1.0,0.0,0.0,Prince Harry and Meghan arrive in the Republic of Ireland https://t.co/gjRjoWzI9V,315
@BBCWorld,0.0,1.0,0.0,0.0,"RT @BBCSport: France have booked their place in the #WorldCup final, where they'll meet either Croatia or England.

#FRABEL report: https:/‚Ä¶",316
@BBCWorld,0.0,1.0,0.0,0.0,"RT @BBCSport: FT: #FRA 1-0 #BEL 

France are into their third #WorldCup final! 

Samuel Umtiti's 51st minute header gives Les Bleus victory‚Ä¶",317
@BBCWorld,0.5106,0.752,0.0,0.248,Cave rescue: The divers who got the Thai boys out https://t.co/iVJlhirMXe,318
@BBCWorld,-0.1027,0.851,0.149,0.0,US mum and daughter 'questioned over different surnames' https://t.co/qbOFzai5sA,319
@BBCWorld,-0.5267,0.588,0.298,0.113,"RT @BBCNews: By measuring stress and anxiety levels, this wristband could help people manage severe autism

https://t.co/qkrzW7TnSw https:/‚Ä¶",320
@CBSNews,-0.3818,0.696,0.165,0.139,"Paul Manafort wants to prevent certain evidence from being used in his fraud trial, including material about allege‚Ä¶ https://t.co/W1hWFbMxet",321
@CBSNews,0.0,1.0,0.0,0.0,"The World Cup is down to its final four teams! Here's how to watch the semi-finals this week
https://t.co/k4HvlxEd5Z https://t.co/DPYQOENhLp",322
@CBSNews,-0.2023,0.913,0.087,0.0,WATCH: A driver has been charged with DUI after a camera captured his speeding car flying into a brick house in Pen‚Ä¶ https://t.co/AuH55yxqjM,323
@CBSNews,-0.1531,0.904,0.096,0.0,Viral photo shows four badass Thai Navy SEALs who stayed with boys in cave https://t.co/T3CLCj2O3F https://t.co/MbJGNPnF8u,324
@CBSNews,0.296,0.891,0.0,0.109,"Cristiano Ronaldo is leaving Real Madrid to join Italian club Juventus, a move that changes the landscape of Europe‚Ä¶ https://t.co/erR8EL9RgB",325
@CBSNews,-0.296,0.896,0.104,0.0,What's the deal with airline peanuts? Southwest Airlines says it will stop serving the snack on flights over concer‚Ä¶ https://t.co/xFyoU4hhXC,326
@CBSNews,0.1027,0.769,0.106,0.125,The Trump administration reportedly refused to promote breastfeeding. But global health experts say it has major be‚Ä¶ https://t.co/YBkVzkEPZk,327
@CBSNews,0.7227,0.768,0.0,0.232,"These twins may only be six years old, but they just saved a toddler from drowning. And now they're being hailed as‚Ä¶ https://t.co/mX1NXU89Mh",328
@CBSNews,0.0,1.0,0.0,0.0,"The investigation into the deadly nerve agent used on an English couple is rapidly expanding, with police seizing a‚Ä¶ https://t.co/DoeEZrlDhb",329
@CBSNews,0.0,1.0,0.0,0.0,"""You're not coming"": Princess Charlotte stole the show at her little brother's christening this week, when she got‚Ä¶ https://t.co/2VUocuOyc8",330
@CBSNews,0.5574,0.816,0.0,0.184,"Supreme Court nominee Brett Kavanaugh is ""not some right-wing extremist,"" says a Republican strategist who worked w‚Ä¶ https://t.co/9SUMQDcsSW",331
@CBSNews,-0.1531,0.763,0.13,0.107,All 12 members of a Thai soccer team and their coach have been rescued after being trapped for more than two weeks‚Ä¶ https://t.co/nIh0Hu9A0w,332
@CBSNews,0.5106,0.864,0.0,0.136,"Medic and three Navy SEALs who stayed with the boys in cave are now out, leader of the Thailand rescue says‚Ä¶ https://t.co/rN5TiQ1L75",333
@CBSNews,0.0,1.0,0.0,0.0,"WATCH: A car sunk into an Arizona canal after a monsoon. When a rescuer dove in to see if someone was inside, a wom‚Ä¶ https://t.co/hTcrAL9Y9F",334
@CBSNews,0.5106,0.87,0.0,0.13,"HOW DID THEY DO IT? After an 18-day rescue mission, divers have removed all 12 boys and their soccer coach. This is‚Ä¶ https://t.co/gkCSsyiHRJ",335
@CBSNews,-0.7579,0.679,0.264,0.057,Does Roundup cause cancer? Lawyers for Monsanto go to first trial in giant legal battle alleging that product is le‚Ä¶ https://t.co/jTgstNQguQ,336
@CBSNews,0.5574,0.783,0.0,0.217,"WATCH: Democratic leaders speak out against President Trump's Supreme Court nominee, Brett Kavanaugh‚Ä¶ https://t.co/Zg27cmICKi",337
@CBSNews,0.0,1.0,0.0,0.0,Dozens of immigrant children to be reunited with parents on Tuesday https://t.co/AvkvTurWNW https://t.co/61V6fb79tx,338
@CBSNews,0.6486,0.751,0.0,0.249,"""Dear America, appreciate your allies. After all, you don't have that many"": European Council President Donald Tusk‚Ä¶ https://t.co/GFLcnZf8mV",339
@CBSNews,-0.2003,0.606,0.227,0.167,Shocking! IHOP admits it faked IHOb name change https://t.co/LnV3sPzHTh https://t.co/HdnP3OY8ey,340
@FoxNews,0.0,1.0,0.0,0.0,"Earlier today, President @realDonaldTrump congratulated the Thai Navy SEALs and their international partners who re‚Ä¶ https://t.co/NHCnGFxFhG",341
@FoxNews,-0.6486,0.736,0.264,0.0,"Child finds 5 people, include 3 children, shot dead inside Delaware home, neighbor says https://t.co/q0LGqIBMyv",342
@FoxNews,0.8807,0.507,0.08,0.413,.@OrrinHatch: ‚ÄúI think he‚Äôs an excellent choice‚Ä¶I suspect that he‚Äôll be a great addition to the Supreme Court.‚Äù‚Ä¶ https://t.co/zjFgIDiBch,343
@FoxNews,-0.4588,0.85,0.15,0.0,'You'd Think This Would Be Sacred': @EricTrump on St. Jude Family Being Attacked Online for Thanking Him https://t.co/CFFVM4kzaK,344
@FoxNews,0.0,1.0,0.0,0.0,".@GOPleader: ‚ÄúHere is a judge who is qualified, who is not an activist judge, he bases it on the Constitution and I‚Ä¶ https://t.co/pJNV02us5o",345
@FoxNews,-0.2163,0.639,0.202,0.16,.@GOPLeader: ‚ÄúThis is nothing but a miracle and just a big thank you to all involved.‚Äù https://t.co/knPtHRUSkW,346
@FoxNews,-0.4939,0.529,0.312,0.159,Thai cave rescue timeline: The dangerous race to bring trapped soccer team home https://t.co/SfG2adTaV9,347
@FoxNews,-0.8316,0.551,0.378,0.071,"Guatemalan national pays $280 fine for negligent driving in crash that killed FBI agent, fire marshal (via‚Ä¶ https://t.co/7MW2rUhNBI",348
@FoxNews,-0.5994,0.754,0.246,0.0,"Trump says Putin summit could be 'easiest' stop of European tour, amid NATO tensions (via @brookefoxnews) https://t.co/Qe9GiZ1ooH",349
@FoxNews,0.0,1.0,0.0,0.0,.@MarcusLuttrell: ‚ÄúWhere they were at supersedes anything I had ever seen.‚Äù https://t.co/gBnx7VSWlo,350
@FoxNews,0.8176,0.605,0.0,0.395,"Entire Thai soccer team, coach freed from cave after daring rescue, Navy says; @Jeff_Journalist reports‚Ä¶ https://t.co/wGndG0Ltb7",351
@FoxNews,0.0,1.0,0.0,0.0,.@EricTrump: ‚ÄúWhy is it that we have to be the piggy-bank for the entire world?‚Äù https://t.co/UGMHqjQpEe,352
@FoxNews,0.4404,0.868,0.0,0.132,".@POTUS: ‚ÄúI think that getting along with Russia, getting along with China, getting along with others is a good thi‚Ä¶ https://t.co/VGie3gq502",353
@FoxNews,0.25,0.833,0.0,0.167,.@POTUS: ‚ÄúWe‚Äôre being taken advantage of by the European Union.‚Äù https://t.co/OT1brlJbiq,354
@FoxNews,-0.2975,0.905,0.095,0.0,".@POTUS: ‚ÄúI have NATO, I have the UK, which is in somewhat turmoil and I have Putin. Frankly, Putin may be the easi‚Ä¶ https://t.co/XE1RNYeMRs",355
@FoxNews,-0.1531,0.918,0.082,0.0,.@POTUS: ‚ÄúNATO has not treated us fairly but I think we‚Äôll work something out. We pay far too much.‚Äù https://t.co/D5s1DvyqEt,356
@FoxNews,-0.34,0.806,0.194,0.0,"Grandpa Tries to Film a Marriage Proposal, Accidentally Films Himself Instead https://t.co/xzvdeB8TpP",357
@FoxNews,0.4215,0.865,0.0,0.135,"BREAKING NEWS: All 12 boys and coach from Thai soccer team rescued from flooded cave, Navy SEAL says https://t.co/kEKOXbWGXi",358
@FoxNews,0.5267,0.584,0.169,0.247,.@EricTrump: ‚ÄúWe‚Äôre going to keep raising money and we‚Äôre going to win the fight. We will win the fight against ped‚Ä¶ https://t.co/GHU54N2YpL,359
@FoxNews,0.5719,0.764,0.0,0.236,Sherrie Hopper: ‚ÄúMr. Trump I can‚Äôt even express to you how thankful I am.‚Äù https://t.co/fsenp7qzRu,360
@CNN,0.5574,0.753,0.0,0.247,Where Supreme Court nominee Brett Kavanaugh stands on key issues https://t.co/DHW2MSvdCw https://t.co/xlP8EkJ7xt,361
@CNN,0.5574,0.769,0.0,0.231,President Trump's remarkably predictable and practical Supreme Court pick | Analysis by @CillizzaCNN‚Ä¶ https://t.co/n6l8RO956j,362
@CNN,0.3612,0.851,0.0,0.149,Tesla has increased the cost of its flagship models in the world's biggest auto market by around 20% after China im‚Ä¶ https://t.co/Mh5mXOgCse,363
@CNN,0.7845,0.635,0.0,0.365,"5 things for Tuesday:

- Supreme Court
- Thailand cave rescue
- Separated families
- Brexit
- Plastic straws‚Ä¶ https://t.co/3gCN5Zuihi",364
@CNN,0.2023,0.921,0.0,0.079,George Clooney has been released from an Italian hospital after being thrown over the top of his scooter when he wa‚Ä¶ https://t.co/BnTYHxQZZI,365
@CNN,0.5574,0.825,0.0,0.175,Small states are getting a much bigger say in who gets on the Supreme Court | Analysis by @RonBrownstein‚Ä¶ https://t.co/xAd2tH7Lvo,366
@CNN,-0.6369,0.741,0.259,0.0,Another former OSU wrestler says Jim Jordan knew about alleged abuse https://t.co/ot6uKBR6yo https://t.co/gwoSqIwkBi,367
@CNN,0.4215,0.887,0.0,0.113,"JUST IN: An eleventh boy has been rescued from the Thai cave, according to an eyewitness who is part of the rescue‚Ä¶ https://t.co/HtS6z3ApV4",368
@CNN,0.0828,0.781,0.101,0.117,"Former national security adviser Michael Flynn, the only former Trump administration official so far charged in the‚Ä¶ https://t.co/8k4LYe5qwh",369
@CNN,0.0,1.0,0.0,0.0,BREAKING: A tenth boy has been brought out of the Thai caves. Two boys and their soccer coach remain inside as resc‚Ä¶ https://t.co/QeL33w9Efm,370
@CNN,-0.1531,0.763,0.13,0.107,"JUST IN: A ninth boy has been rescued from a Thai cave, after more than two weeks trapped there. 

Three boys and t‚Ä¶ https://t.co/zavDr8txEO",371
@CNN,0.0,1.0,0.0,0.0,"What weighs 600 kilograms, is 4.71 meters long and is believed to be more than 60-years-old? This captured croc.‚Ä¶ https://t.co/6VyoPTsAJ9",372
@CNN,0.0,1.0,0.0,0.0,The world's largest vertical farm is coming to Dubai https://t.co/fF65FpYxB7 via @CNNTravel https://t.co/QtBigHlPdx,373
@CNN,0.5574,0.769,0.0,0.231,Donald Trump's remarkably predictable and practical Supreme Court pick | Analysis by @CillizzaCNN‚Ä¶ https://t.co/TlNgJ56GiR,374
@CNN,0.0,1.0,0.0,0.0,"Kavanaugh pick was scripted end to Trump's reality show | Analysis by @StCollinson, @JDiamond1 and @jeffzeleny‚Ä¶ https://t.co/HXHjMAeiXv",375
@CNN,-0.0258,0.782,0.111,0.107,RT @cnni: We're live on Facebook near the Thai cave where an operation to rescue the final four trapped boys and their soccer coach is unde‚Ä¶,376
@CNN,0.4939,0.833,0.0,0.167,"In an experiment, Australian scientists have successfully wiped out more than 80% of disease-carrying mosquitoes in‚Ä¶ https://t.co/wAX3QEbyQQ",377
@CNN,-0.4767,0.769,0.163,0.068,"The Samoan government has launched an inquiry into the deaths of two one-year-old infants, who died within minutes‚Ä¶ https://t.co/IkrBtdhuFL",378
@CNN,0.7076,0.743,0.0,0.257,"RT @CuomoPrimeTime: President Trump‚Äôs Supreme Court pick Brett Kavanaugh has an ""enormously expansive"" vision of presidential power that is‚Ä¶",379
@CNN,-0.4404,0.828,0.172,0.0,UK's Theresa May attempts to salvage Brexit strategy amid attacks from all sides https://t.co/ZnyVTdRBhi https://t.co/ALbTJ6lieW,380
@nytimes,0.0,1.0,0.0,0.0,RT @natashanyt: 1/ A Facebook patent application describes a system that could match the faces of shoppers in stores with their social netw‚Ä¶,381
@nytimes,-0.3818,0.776,0.224,0.0,Another front to Facebook's privacy battles? Facial recognition technology. https://t.co/cpxDbYjeDB,382
@nytimes,0.0,1.0,0.0,0.0,RT @nytimesworld: President Erdogan was sworn in for a five-year term under a new Constitution that gives Turkey‚Äôs president sweeping execu‚Ä¶,383
@nytimes,-0.6369,0.476,0.387,0.137,Working as a flight attendant may increase the risk for cancer https://t.co/JYPU009iwR,384
@nytimes,0.2023,0.592,0.178,0.23,"Liu Xia, Detained Widow of Nobel Peace Laureate, Leaves China https://t.co/xdxwxpsiys",385
@nytimes,0.4215,0.797,0.0,0.203,HBO has long favored quality over quantity. That may be changing. https://t.co/elazRrhEpa,386
@nytimes,-0.4588,0.85,0.15,0.0,How a troubled Florida teenager went from the ‚ÄúDr. Phil‚Äù show to signing a major-label record deal as a rapper https://t.co/IN2Qnz3xLW,387
@nytimes,-0.5574,0.841,0.159,0.0,A white manager of a Memphis apartment complex was fired after she called the police on a black man wearing socks i‚Ä¶ https://t.co/O7FPF6v4g0,388
@nytimes,0.0,1.0,0.0,0.0,"RT @nytopinion: President Trump‚Äôs contention that women need access to formula because of malnutrition, defies both science and common sens‚Ä¶",389
@nytimes,0.0,1.0,0.0,0.0,Erdogan Begins New Term and Names His Son-in-Law Finance Minister https://t.co/owqR0T4IeE,390
@nytimes,-0.6369,0.833,0.167,0.0,RT @NYTNational: A Texas man said he was acting in self-defense when he fatally shot a teenager. The police said cellphone videos cast doub‚Ä¶,391
@nytimes,0.5106,0.864,0.0,0.136,"To rescue the boys in the Thai cave, divers have to navigate flooded passages, with some openings as small as 3 fee‚Ä¶ https://t.co/Jm0h4dFmc3",392
@nytimes,0.6369,0.794,0.0,0.206,"RT @nytpolitics: After weeks of solo travel around the United States, Melania Trump plans to revive her child-focused project ‚ÄúBe Best‚Äù as‚Ä¶",393
@nytimes,-0.2516,0.766,0.14,0.094,"Global health experts say breast milk is especially important for babies in poor countries, where unsafe water supp‚Ä¶ https://t.co/VEDzjHTl7i",394
@nytimes,0.0,1.0,0.0,0.0,"New York City will inspect all public housing where lead paint may have been used, the mayor said. It could take 2‚Ä¶ https://t.co/yqAodQxFWu",395
@nytimes,0.5574,0.783,0.0,0.217,Video and partial transcript: President Trump announces Brett Kavanaugh as Supreme Court nominee https://t.co/vPICmZO6O1,396
@nytimes,0.34,0.861,0.0,0.139,"RT @jdavidgoodman: NEW: Mayor @BilldeBlasio says New York City will vastly expand its testing for lead in public housing to reach 130,000 a‚Ä¶",397
@nytimes,0.0,1.0,0.0,0.0,RT @nytopinion: There‚Äôs So Much You Don‚Äôt Know About Brett Kavanaugh https://t.co/mzmJBVQL0k https://t.co/QmRMpKds3Q,398
@nytimes,0.5574,0.841,0.0,0.159,President Trump nominated Judge Brett Kavanaugh for the Supreme Court. Here‚Äôs what happens next and what you can ex‚Ä¶ https://t.co/K3OHnzqdA1,399
@nytimes,0.4404,0.868,0.0,0.132,"RT @hillhulse: Sen Schumer: ""I will oppose Judge Kavanaugh‚Äôs nomination with everything I have, and I hope a bipartisan majority will do th‚Ä¶",400
@BBCWorld,0.5574,0.66,0.0,0.34,Trump names Kavanaugh for US Supreme Court https://t.co/E8xpUvZ4im,401
@BBCWorld,0.5423,0.741,0.0,0.259,Can Ethiopia's Abiy Ahmed make peace with 'Africa's North Korea'? https://t.co/hmJnnVfcmh,402
@BBCWorld,0.0,1.0,0.0,0.0,Macedonia: The Balkan country waiting for Nato's invitation https://t.co/HlpfRFLZ0r,403
@BBCWorld,-0.2732,0.741,0.259,0.0,Where a six-figure salary is 'low income' https://t.co/NRLpo8VBaK,404
@BBCWorld,0.4404,0.707,0.0,0.293,Belgium-France: World Cup clash tests border loyalties https://t.co/EkIUfNT2hE,405
@BBCWorld,0.0,1.0,0.0,0.0,Turkey's Erdogan appoints son-in-law as finance minister https://t.co/4qe9mUtJn5,406
@BBCWorld,0.8402,0.438,0.0,0.562,Cave rescue: Divers ready to save remaining five Thais https://t.co/ILpHChetTF,407
@BBCWorld,-0.8225,0.513,0.487,0.0,Nicaragua unrest: Bishop's anger as people die in clashes https://t.co/x7JY5riHws,408
@BBCWorld,-0.5574,0.735,0.265,0.0,Starbucks to ban plastics straws in all stores by 2020 https://t.co/Btj94Fjha3,409
@BBCWorld,-0.4215,0.741,0.259,0.0,Trump denies US opposition to WHO breastfeeding resolution https://t.co/sziQ0GZLUa,410
@BBCWorld,0.0,1.0,0.0,0.0,Police: Texas toddler dies from self-inflicted gunshot wound https://t.co/y7EMuiZF7D,411
@BBCWorld,-0.7845,0.566,0.434,0.0,Brussels fears UK cabinet crisis is a path to no-deal Brexit https://t.co/hOoTgwSAnt,412
@BBCWorld,0.0772,0.708,0.133,0.159,Ryanair agrees to meet union ahead of strike date https://t.co/XmM6zAd7iB,413
@BBCWorld,-0.25,0.778,0.222,0.0,Migrant separations: Toddlers facing court cases alone https://t.co/hpG7nfyalQ,414
@BBCWorld,-0.5719,0.783,0.217,0.0,RT @BBCJonSopel: Statement from @WhiteHouse on turmoil in UK following #BorisExit and #DavisResigns - all that‚Äôs missing are words ‚Äòwhoever‚Ä¶,415
@BBCWorld,-0.6249,0.631,0.369,0.0,"Boris Johnson quits amid Brexit crisis

https://t.co/1C8JqE7nRa https://t.co/onfbq5aJe7",416
@BBCWorld,0.0,1.0,0.0,0.0,The people in this Ohio county could predict the next president of the US. What should we ask them? Email us at ask‚Ä¶ https://t.co/G0B5UkVg0B,417
@BBCWorld,0.0,1.0,0.0,0.0,RT @BBCSport: Greg van Avermaet has taken the yellow jersey following day three of the Tour de France https://t.co/Ng1jdYZbID https://t.co/‚Ä¶,418
@BBCWorld,-0.3595,0.739,0.167,0.094,"RT @BBCSport: Serena Williams is in the quarter-finals!

She‚Äôs defeated Evgeniya Rodina in straight sets.

Liveüëâhttps://t.co/JgrbGi9BZF 
üì∫‚Ä¶",419
@BBCWorld,-0.3544,0.595,0.251,0.154,Harvey Weinstein pleads not guilty in third sex assault case https://t.co/XtBOL42ckP,420
@CBSNews,-0.6486,0.739,0.261,0.0,"After losing his sight in Iraq, blind Army vet runs with the bulls at Pamplona https://t.co/W5AcKkMcrN https://t.co/cN9qX6rGWP",421
@CBSNews,-0.1779,0.579,0.24,0.182,Nissan admits to new emissions testing scandal https://t.co/kHppB4c68p https://t.co/haOWYTr1l1,422
@CBSNews,0.0,1.0,0.0,0.0,Trump's tariffs: What are they and how do they work? https://t.co/BkFxbyFZmS https://t.co/ucpIqZNk4a,423
@CBSNews,-0.25,0.895,0.105,0.0,NEW: British Foreign Secretary Boris Johnson has resigned amid a widening split in the Cabinet over Brexit updatesh‚Ä¶ https://t.co/Dz9TnNPNMH,424
@CBSNews,0.0772,0.68,0.15,0.17,Army recruit promised pathway to citizenship now faces uncertain future https://t.co/V4kDCntBvX https://t.co/x4Cn0PnJkQ,425
@CBSNews,-0.3182,0.827,0.173,0.0,British police say nerve agent victims handled the material's container https://t.co/N3watLymqA https://t.co/LZEAcoafgw,426
@CBSNews,0.0,1.0,0.0,0.0,"Under half of child reunions will meet Tuesday deadline, ACLU says https://t.co/p3pJOUo5sf https://t.co/Whjqdi708p",427
@CBSNews,0.5106,0.829,0.0,0.171,UPDATE: Rescue mission in Thailand has halted for the day. Five people remained inside the cave‚Ä¶ https://t.co/dyAO7MezVn,428
@CBSNews,0.5574,0.816,0.0,0.184,"CBS News‚Äô coverage of President Trump‚Äôs Supreme Court nominee announcement will continue throughout the day, includ‚Ä¶ https://t.co/eJZ8uFGptx",429
@CBSNews,-0.6808,0.714,0.286,0.0,"Starbucks plans to stop offering plastic straws by 2020, citing the environmental threat to oceans‚Ä¶ https://t.co/Bhf7RztCLt",430
@CBSNews,0.2023,0.921,0.0,0.079,"""We just saw two ambulances come by us in quick succession, which we understand to be the sixth and seventh people‚Ä¶ https://t.co/k3PxjWmxlK",431
@CBSNews,0.0516,0.686,0.152,0.162,WATCH: @benstracy explains how the dangerous rescue mission in Thailand is being carried out https://t.co/EtiCiCcDcQ https://t.co/Xmw3kNEasu,432
@CBSNews,-0.1531,0.763,0.13,0.107,More of the Thai youth soccer team have been rescued from a cave today after being trapped for more than two weeks.‚Ä¶ https://t.co/0EOACvZ9IU,433
@CBSNews,0.0,1.0,0.0,0.0,"In Tennessee, President Trump's tariffs become a political issue https://t.co/36AoZtXXzH https://t.co/YVPBmZOUwv",434
@CBSNews,0.6997,0.746,0.0,0.254,"Today is Tom Hanks‚Äô birthday. So, celebrate with a look back at his top 10 movies. What‚Äôs your favorite?‚Ä¶ https://t.co/MaoV85kRL0",435
@CBSNews,0.0,1.0,0.0,0.0,UPDATE: A sixth and seventh person have been taken out of the cave in Thailand on stretchers. All seven people resc‚Ä¶ https://t.co/qmAuneG0Xi,436
@CBSNews,-0.6705,0.791,0.209,0.0,Travis Pastrana nails Evel Knievel's three legendary jumps -- including one that nearly killed the late daredevil‚Ä¶ https://t.co/Sm4u25yy8R,437
@CBSNews,0.0,1.0,0.0,0.0,Sen. Mitch McConnell has already led the Senate in confirming more circuit court judges in the first year of Donald‚Ä¶ https://t.co/f6l9U2oxY8,438
@CBSNews,-0.3818,0.88,0.12,0.0,UPTOWN FUNK: A Georgia police department has joined the law enforcement lip sync battle with their own epic music v‚Ä¶ https://t.co/IHURQ6C9tD,439
@CBSNews,0.0,1.0,0.0,0.0,RT @CBSThisMorning: Edd Sorenson is a technical cave diver on standby to go to Thailand if needed. He serves as a coordinator with Internat‚Ä¶,440
@FoxNews,-0.296,0.896,0.104,0.0,Jake Zweig: ‚ÄúThere‚Äôs not a whole lot I‚Äôm worried about at this point‚Ä¶ I know that they‚Äôre laser-focused in their mi‚Ä¶ https://t.co/vj3lkp0q0z,441
@FoxNews,-0.7351,0.625,0.375,0.0,U.S Embassy in Haiti warns Americans to 'shelter in place' as violent protests escalate https://t.co/VDtl8fkB8m,442
@FoxNews,0.4019,0.838,0.0,0.162,.@AlvedaCKing: ‚ÄúWe must treat every student‚Ä¶ as a human being and we must not discriminate.‚Äù https://t.co/PzUIvEto9S,443
@FoxNews,0.0,1.0,0.0,0.0,Chinese media decries US' 'psychological games' as Navy ships sail Taiwan Strait passage https://t.co/U6BGqRA0rp,444
@FoxNews,0.6124,0.667,0.0,0.333,.@dbongino: ‚ÄúThis is just an incredible operation. Unbelievable bravery here.‚Äù https://t.co/YhWq17lEsa https://t.co/aWUxHzX7hj,445
@FoxNews,-0.0258,0.642,0.182,0.176,"JUST IN: Thai workers rescue 5th boy trapped in cave, Sky News reports https://t.co/qXIGmdI89X",446
@FoxNews,-0.4939,0.802,0.198,0.0,"UK woman poisoned by same nerve agent as Russian spy dies, police say https://t.co/jHSBtmA3GL",447
@FoxNews,0.0,1.0,0.0,0.0,OPINION: Trump and Mexico‚Äôs next president can build the wall -- Together https://t.co/IlABBRlJQf,448
@FoxNews,-0.4939,0.792,0.208,0.0,"Antjuan Seawright: ‚ÄúI seriously doubt that Secretary Clinton will make another run for president in 2020. However,‚Ä¶ https://t.co/QMgNxjS9DC",449
@FoxNews,0.128,0.842,0.0,0.158,Countries Expected to Meet NATO Defense Spending Requirement https://t.co/uWdvYE1fzb,450
@FoxNews,-0.4939,0.789,0.211,0.0,California man proposes again with rings found in ashes of destroyed home https://t.co/9NWmBf4QMN,451
@FoxNews,-0.8225,0.542,0.458,0.0,US soldier killed in 'apparent insider attack' in Afghanistan ID'd https://t.co/xkn7qNX1pL,452
@FoxNews,0.0,1.0,0.0,0.0,Potential SCOTUS Nominees https://t.co/H7CEPeBoEC,453
@FoxNews,-0.6705,0.69,0.231,0.08,"4 freed from Thailand cave, but rescuers face 'war with water and time' to get to others https://t.co/qXIGmdI89X https://t.co/kRhvuCZplX",454
@FoxNews,0.5267,0.841,0.0,0.159,".@KatrinaPierson: ""Every single day, this president has done nothing but deliver on his campaign promises to the pe‚Ä¶ https://t.co/KOcDfH7mvr",455
@FoxNews,0.0,1.0,0.0,0.0,President @realDonaldTrump heads to NATO summit tomorrow https://t.co/ntrg554o3H,456
@FoxNews,-0.128,0.751,0.134,0.115,".@mgburkholder on young boys trapped in cave: ""I commend the efforts of the rescuers at this point, because my good‚Ä¶ https://t.co/naiXu3wZoC",457
@FoxNews,-0.4497,0.826,0.174,0.0,"Feds ask US-Mexico border property owners to survey their land, but many remain skeptical https://t.co/WUOb4wO4UI",458
@FoxNews,-0.6705,0.69,0.231,0.08,"4 freed from Thailand cave, but rescuers face 'war with water and time' to get to others https://t.co/qXIGmdI89X https://t.co/Dpb2v2X6vH",459
@FoxNews,0.5574,0.526,0.0,0.474,Potential Supreme Court Nominees https://t.co/rPhN7cnglc,460
@CNN,0.5574,0.783,0.0,0.217,Trump to unveil Supreme Court pick for the ages | Analysis by @StCollinson https://t.co/LuZVpz6wuV https://t.co/Njsemo43CH,461
@CNN,-0.6486,0.765,0.235,0.0,"One person is dead after a helicopter crashed into a townhome in Williamsburg, Virginia, on Sunday https://t.co/GsiFHLXRxJ",462
@CNN,-0.2023,0.878,0.122,0.0,Hundreds strip off in Melbourne for controversial mass nude photos https://t.co/4xAxrfkvAQ via @CNNStyle https://t.co/RqKaVussPh,463
@CNN,0.0,1.0,0.0,0.0,"This architecture practice has set its sights on building an inflatable, 30-ton disco ball in the Nevada desert for‚Ä¶ https://t.co/UnW3mlnws1",464
@CNN,-0.0258,0.758,0.123,0.119,JUST IN: Divers are back in the Thai cave as the mission to rescue the trapped boys and their soccer coach continue‚Ä¶ https://t.co/PWUctQiMtL,465
@CNN,-0.1531,0.842,0.094,0.064,A number of US missionary groups are stranded in Haiti after protesters took to the streets following a fuel price‚Ä¶ https://t.co/a8c2v3DiQM,466
@CNN,-0.3612,0.857,0.143,0.0,'They treated us as though we were animals': Letters from inside an immigration detention facility‚Ä¶ https://t.co/CiDW26fqf3,467
@CNN,-0.5859,0.758,0.242,0.0,"Two Reuters journalists have been charged under Myanmar's Official Secrets Act, which carries a maximum penalty of‚Ä¶ https://t.co/VeQU48D9Dv",468
@CNN,-0.5574,0.833,0.167,0.0,At least 100 people have died in Japan following floods and landslides across the southwest of the country‚Ä¶ https://t.co/ie1UhZzf5m,469
@CNN,0.0,1.0,0.0,0.0,"An anonymous shopper bought $1 million in Toys 'R' Us toys right before stores went out of business.

The toys' des‚Ä¶ https://t.co/br48wVqwLT",470
@CNN,-0.4019,0.886,0.114,0.0,"At least 9 people have been injured in the opening days of the annual Running of the Bulls in Pamplona, Spain, Red‚Ä¶ https://t.co/STnQo2QqG4",471
@CNN,0.7269,0.775,0.0,0.225,After four of the boys were rescued on Sunday -- divers are yet to re-enter a cave in Thailand to rescue the eight‚Ä¶ https://t.co/iRhhuorDdu,472
@CNN,0.4019,0.787,0.0,0.213,Singer Justin Bieber and model Hailey Baldwin are engaged https://t.co/mKmIW7kshL https://t.co/znh7Tjf19K,473
@CNN,-0.2023,0.736,0.167,0.097,"If you use a plastic straw or plastic utensils in Seattle now, get ready to pay. Violators will be subject to a $25‚Ä¶ https://t.co/pLlhE5AHKq",474
@CNN,-0.25,0.889,0.111,0.0,"David Davis has resigned as UK Brexit Secretary, citing irreconcilable differences with Prime Minister Theresa May‚Ä¶ https://t.co/4ccp9gTf3E",475
@CNN,-0.4404,0.653,0.221,0.126,A 3-year-old cancer survivor served as a flower girl in her bone marrow donor's wedding https://t.co/CK1pA4V4na https://t.co/NjIuwiJido,476
@CNN,-0.4404,0.653,0.221,0.126,This 3-year-old cancer survivor was a flower girl in her bone marrow donor's wedding https://t.co/OKaX0n0vvc https://t.co/AnjJPRQARo,477
@CNN,0.2235,0.905,0.0,0.095,Cerebral palsy didn't stop this 9-year-old girl from saving her baby brother from drowning. Her actions have earned‚Ä¶ https://t.co/48t0rVKQ4j,478
@CNN,0.0,1.0,0.0,0.0,A former coal lobbyist is the new leader of the Environmental Protection Agency https://t.co/Zt5u1SLLdT https://t.co/tTzNm2YLZd,479
@CNN,-0.4215,0.833,0.167,0.0,"Anne Frank's family tried in vain to flee to the US, historians say https://t.co/P8x7Xi1ARO https://t.co/y1VIW9Znhj",480
@nytimes,0.0,1.0,0.0,0.0,Men are not the only ones texting pictures of their private parts https://t.co/q6yzu5OmDE,481
@nytimes,0.0,1.0,0.0,0.0,Sharp Objects: ‚ÄòSharp Objects‚Äô: Jean-Marc Vall√©e on the Series Premiere and Underdog Storytelling https://t.co/iQ9fFp3z0H,482
@nytimes,0.6369,0.588,0.0,0.412,"First comes love, then comes ‚Ä¶ prenup? üí∏ https://t.co/cp5B1IRsR2",483
@nytimes,-0.0772,0.874,0.126,0.0,"Sorry, Power-Lunchers. These Tables Are Reserved for Drop-In Workers. https://t.co/O4aSTOUsDX",484
@nytimes,-0.4404,0.868,0.132,0.0,"Tired of running on blacktop and sidewalks, especially as the summer sun beats down? @byJenAMiller has an idea: try‚Ä¶ https://t.co/McdtAVQXG9",485
@nytimes,0.4019,0.87,0.0,0.13,"""I took them to a party and got rave reviews and some guests took a few home with them"" ‚Äî a reader https://t.co/aNl3BGV7uC",486
@nytimes,-0.4767,0.721,0.279,0.0,Town Grieves for a Father and His Four Daughters https://t.co/h2zwMeLvUV,487
@nytimes,-0.3612,0.8,0.2,0.0,"Scott Pruitt, Fallen E.P.A. Chief, May Rise Again in Oklahoma https://t.co/GJHLOj8Y2J",488
@nytimes,0.6808,0.728,0.0,0.272,Beijing is embracing technologies like facial recognition and artificial intelligence to identify and track 1.4 bil‚Ä¶ https://t.co/RX97CNxsIR,489
@nytimes,0.8176,0.485,0.0,0.515,"In Daring Underwater Cave Rescue, 4 of 13 Thai Are Freed https://t.co/JgWorc75QM",490
@nytimes,-0.0418,0.677,0.165,0.158,"In Alabama, a man known as a prisoner's rights advocate is facing death row. But he didn't kill anyone. https://t.co/sojbX3HBX2",491
@nytimes,-0.5994,0.837,0.163,0.0,"Not long before his death, XXXTentacion signed a $10 million deal for his next album, which could still be out this‚Ä¶ https://t.co/TLQC9VTLNq",492
@nytimes,-0.296,0.891,0.109,0.0,"A curator has filed a complaint against MoMA PS1, saying a job offer was rescinded after she mentioned she had just‚Ä¶ https://t.co/y2DDswKgGf",493
@nytimes,0.5719,0.575,0.0,0.425,Let‚Äôs Celebrate the 14th Amendment https://t.co/bh9ZJ21tcz,494
@nytimes,-0.0772,0.885,0.115,0.0,"Government Work Done, Tax Policy Writers Decamp to Lobbying Jobs https://t.co/6m4F0xizv4",495
@nytimes,0.2732,0.896,0.0,0.104,Scott Pruitt‚Äôs fall from the EPA is a story of his diminishing relationship with many of his closest loyalists https://t.co/wzH30eJycE,496
@nytimes,-0.1027,0.861,0.078,0.061,"RT @nytopinion: Juice contains limited nutrients and tons of sugar. In fact, one 12-ounce glass of orange juice contains 10 teaspoons of su‚Ä¶",497
@nytimes,0.0,1.0,0.0,0.0,The Science (and the Scientists) Behind ‚ÄòAnt-Man‚Äô https://t.co/xnMi6QmJle,498
@nytimes,0.8519,0.658,0.0,0.342,"""Followed the recipe exactly. Perfectly done potatoes, succulent meat, crispy skin, and great overall depth of flav‚Ä¶ https://t.co/fY5bhSc2EQ",499
@nytimes,0.0,1.0,0.0,0.0,"Every year, a Japanese-American man visits the internment camp in California where he and his family were held when‚Ä¶ https://t.co/ir8flntkFT",500
